{
  "response_code": "1",
  "response_message": "success",
  "offers": [
    {
      "id": "1",
      "offer_banner": "search_banner_one.png",
      "full_offer_banner": "full_refund_banner.png",
      "tag_filter":"refund"
    },
    {
      "id": "2",
      "offer_banner": "search_banner_two.png",
      "full_offer_banner": "full_refund_banner.png",
      "tag_filter":"top_rated_bus"
    },
    {
      "id": "3",
      "offer_banner": "search_banner_three.png",
      "full_offer_banner": "full_refund_banner.png",
      "tag_filter":"new_operator"
    }
  ],
  "travel_details": [
    {
      "id": "1",
      "travel_name": "Flash Travels",
      "departure_time": "23:45",
      "travel_week_day": "1,2,3,4,5,6,7",
      "travel_price": "353",
      "bus_info": "A/C SEATER/SLEEPER (2+1)",
      "bus_sets":"8",
      "journey_time":"5:45",
      "bus_stop":"1",
      "average_rating": "5",
      "recommended": "1",
      "count_ratings": "688",
      "departure":"San Jose",
      "destination":"San Diego",
      "top_rated_bus":"0",
      "new_operator":"0",
      "refund": "1",
      "offer_text": "25 % REFUND on bus delay"
    },
    {
      "id": "2",
      "travel_name": "Lion Express",
      "departure_time": "14:45",
      "travel_week_day": "1,2,3,4,5,6,7",
      "travel_price": "423",
      "bus_info": "A/C SEATER/SLEEPER (2+1)",
      "bus_sets":"8",
      "journey_time":"3:45",
      "bus_stop":"1",
      "average_rating": "3",
      "recommended": "0",
      "count_ratings": "1118",
      "departure":"San Jose",
      "destination":"Los Angeles",
      "top_rated_bus":"0",
      "new_operator":"0",
      "refund": "0",
      "offer_text": ""
    },
    {
      "id": "3",
      "travel_name": "DRB Travels",
      "departure_time": "11:45",
      "travel_week_day": "1,2,3,4,5,6,7",
      "travel_price": "200",
      "bus_info": "A/C SEATER/SLEEPER (2+1)",
      "bus_sets":"8",
      "journey_time":"8:45",
      "bus_stop":"1",
      "average_rating": "3",
      "recommended": "1",
      "count_ratings": "238",
      "departure":"San Jose",
      "destination":"San Diego",
      "top_rated_bus":"0",
      "new_operator":"0",
      "refund": "0",
      "offer_text": ""
    },
    {
      "id": "4",
      "travel_name": "ABC Travels",
      "departure_time": "09:45",
      "travel_week_day": "1,2,3,4,5,6,7",
      "travel_price": "800",
      "bus_info": "A/C SEATER/SLEEPER (2+1)",
      "bus_sets":"8",
      "journey_time":"1:45",
      "bus_stop":"1",
      "average_rating": "1",
      "recommended": "0",
      "count_ratings": "458",
      "departure":"San Jose",
      "destination":"San Diego",
      "top_rated_bus":"0",
      "new_operator":"1",
      "refund": "0",
      "offer_text": "30 % DISCOUNT on new operator"
    },
    {
      "id": "5",
      "travel_name": "XYZ Travels",
      "departure_time": "13:45",
      "travel_week_day": "1,2,3,4,5,6,7",
      "travel_price": "100",
      "bus_info": "A/C SEATER/SLEEPER (2+1)",
      "bus_sets":"8",
      "journey_time":"2:45",
      "bus_stop":"1",
      "average_rating": "2",
      "recommended": "0",
      "count_ratings": "238",
      "departure":"San Jose",
      "destination":"San Diego",
      "top_rated_bus":"0",
      "new_operator":"1",
      "refund": "0",
      "offer_text": "20 % DISCOUNT on new operator"
    },
    {
      "id": "6",
      "travel_name": "Flying Buses",
      "departure_time": "23:45",
      "travel_week_day": "1,2,3,4,5,6,7",
      "travel_price": "353",
      "bus_info": "A/C SEATER/SLEEPER (2+1)",
      "bus_sets":"8",
      "journey_time":"5:45",
      "bus_stop":"1",
      "average_rating": "3",
      "recommended": "1",
      "count_ratings": "688",
      "departure":"San Jose",
      "destination":"San Diego",
      "top_rated_bus":"1",
      "new_operator":"0",
      "refund": "0",
      "offer_text": "10 % DISCOUNT on top rated bus"
    },
    {
      "id": "7",
      "travel_name": "Flying Buses",
      "departure_time": "23:45",
      "travel_week_day": "1,2,3,4,5,6,7",
      "travel_price": "553",
      "bus_info": "Non A/C SEATER/SLEEPER (2+1)",
      "bus_sets":"8",
      "journey_time":"5:45",
      "bus_stop":"1",
      "average_rating": "4",
      "recommended": "1",
      "count_ratings": "688",
      "departure":"San Jose",
      "destination":"San Diego",
      "top_rated_bus":"0",
      "new_operator":"1",
      "refund": "0",
      "offer_text": "10 % DISCOUNT on new operator"
    },
    {
      "id": "8",
      "travel_name": "Flying Buses",
      "departure_time": "23:45",
      "travel_week_day": "1,2,3,4,5,6,7",
      "travel_price": "753",
      "bus_info": "A/C SEATER/SLEEPER (2+1)",
      "bus_sets":"8",
      "journey_time":"5:45",
      "bus_stop":"1",
      "average_rating": "4",
      "recommended": "1",
      "count_ratings": "688",
      "departure":"San Jose",
      "destination":"San Diego",
      "top_rated_bus":"0",
      "new_operator":"1",
      "refund": "0",
      "offer_text": "10 % DISCOUNT on new operator"
    },
    {
      "id": "9",
      "travel_name": "Flying Buses",
      "departure_time": "23:45",
      "travel_week_day": "1,2,3,4,5,6,7",
      "travel_price": "653",
      "bus_info": "A/C SEATER/SLEEPER (2+1)",
      "bus_sets":"8",
      "journey_time":"5:45",
      "bus_stop":"1",
      "average_rating": "2",
      "recommended": "1",
      "count_ratings": "688",
      "departure":"San Jose",
      "destination":"San Diego",
      "top_rated_bus":"0",
      "new_operator":"0",
      "refund": "1",
      "offer_text": "25 % REFUND on bus delay"
    },
    {
      "id": "10",
      "travel_name": "Flying Buses",
      "departure_time": "23:45",
      "travel_week_day": "1,2,3,4,5,6,7",
      "travel_price": "593",
      "bus_info": "A/C SEATER/SLEEPER (2+1)",
      "bus_sets":"8",
      "journey_time":"5:45",
      "bus_stop":"1",
      "average_rating": "5",
      "recommended": "1",
      "count_ratings": "688",
      "departure":"San Jose",
      "destination":"San Diego",
      "top_rated_bus":"0",
      "new_operator":"0",
      "refund": "1",
      "offer_text": "5 % REFUND on bus delay"
    },
    {
      "id": "11",
      "travel_name": "Flying Buses",
      "departure_time": "23:45",
      "travel_week_day": "1,2,3,4,5,6,7",
      "travel_price": "453",
      "bus_info": "A/C SEATER/SLEEPER (2+1)",
      "bus_sets":"8",
      "journey_time":"5:45",
      "bus_stop":"1",
      "average_rating": "4",
      "recommended": "1",
      "count_ratings": "688",
      "departure":"San Jose",
      "destination":"San Diego",
      "top_rated_bus":"0",
      "new_operator":"0",
      "refund": "1",
      "offer_text": "10 % REFUND on bus delay"
    },
    {
      "id": "12",
      "travel_name": "Zipline Bus",
      "departure_time": "23:45",
      "travel_week_day": "1,2,3,4,5,6,7",
      "travel_price": "363",
      "bus_info": "A/C SEATER/SLEEPER (2+1)",
      "bus_sets":"8",
      "journey_time":"5:45",
      "bus_stop":"1",
      "average_rating": "4",
      "recommended": "1",
      "count_ratings": "688",
      "departure":"San Jose",
      "destination":"San Diego",
      "top_rated_bus":"1",
      "new_operator":"0",
      "refund": "0",
      "offer_text": "15 % DISCOUNT on top rated bus"
    },
    {
      "id": "13",
      "travel_name": "Zipline Bus",
      "departure_time": "23:45",
      "travel_week_day": "1,2,3,4,5,6,7",
      "travel_price": "323",
      "bus_info": "A/C SEATER/SLEEPER (2+1)",
      "bus_sets":"8",
      "journey_time":"5:45",
      "bus_stop":"1",
      "average_rating": "4",
      "recommended": "1",
      "count_ratings": "688",
      "departure":"San Jose",
      "destination":"San Diego",
      "top_rated_bus":"1",
      "new_operator":"0",
      "refund": "0",
      "offer_text": "15 % DISCOUNT on top rated bus"
    }
  ]

}
